{
 "water":[
  {
   "quantity":30,
   "water1":"https://cdn.pixabay.com/photo/2014/12/24/05/02/drop-of-water-578897__480.jpg",
   "water2":"https://cdn-a.william-reed.com/var/wrbm_gb_food_pharma/storage/images/publications/cosmetics/cosmeticsdesign.com/article/2019/12/03/how-to-get-water-reduction-formulation-right/10431162-1-eng-GB/How-to-get-water-reduction-formulation-right_wrbm_large.jpg",
   "water3":"https://www.aces.edu/wp-content/uploads/2020/06/A-Glass-of-water-on-white-background-1161576130_5760x3840-scaled-e1593446976432.jpeg",
   "water4":"https://cdn.mos.cms.futurecdn.net/mFVAjG4U9LELrtjGfEgcQE-1200-80.jpg",
   "water5":"https://thumbs.dreamstime.com/b/falling-drop-rain-blue-earth-image-water-splash-crown-shape-water-splash-crown-shape-falling-drop-earth-140453719.jpg",
   "water6":"https://images.unsplash.com/photo-1538300342682-cf57afb97285?ixid=MnwxMjA3fDB8MHxzZWFyY2h8N3x8d2F0ZXJ8ZW58MHx8MHx8&ixlib=rb-1.2.1&w=1000&q=80",
   "water7":"https://prd-wret.s3.us-west-2.amazonaws.com/assets/palladium/production/s3fs-public/styles/side_image/public/thumbnails/image/wss-sw-topics-side-picture_0.jpg",
   "water8":"https://media.springernature.com/w735h400/nature-cms/uploads/cms/pages/10832/top_item_image/clean_water_hero-a8e79231f173b836c45a621b15a0633f.jpg",
   "water9":"https://images.indianexpress.com/2020/09/pixabay_water-1200.jpg",
   "water10":"https://images.financialexpress.com/2021/04/drinking-water-survey.jpg",
   "water11":"https://i.guim.co.uk/img/media/8edc98c00ef1f77ebd73c6987ba10c13e222769c/0_203_4288_2573/master/4288.jpg?width=445&quality=45&auto=format&fit=max&dpr=2&s=e2790a91e31377b08c27c84d83570367",
   "water12":"https://cdn-prod.medicalnewstoday.com/content/images/articles/290/290814/benefits-of-drinking-water.jpg",
   "water13":"https://wqa.org/Portals/0/OpenContent/Files/11451/iStock-522746284-2-1.jpg",
   "water14":"https://encrypted-tbn0.gstatic.com/images?q=tbn:ANd9GcTPUnnNJwKw1pJSitiUXERVY0RcSlpusY-BbA&usqp=CAU",
   "water15":"https://d2cbg94ubxgsnp.cloudfront.net/Pictures/2000xAny/0/0/6/133006_water_shutterstock_630976043.jpg",
   "water16":"https://encrypted-tbn0.gstatic.com/images?q=tbn:ANd9GcTRcyowf3bBNci6bvNwwTBx7nk60tXON7HVMg&usqp=CAU",
   "water17":"https://hips.hearstapps.com/ame-prod-goodhousekeeping-assets.s3.amazonaws.com/main/embedded/25836/glass_water.jpg",
   "water18":"https://hips.hearstapps.com/ame-prod-goodhousekeeping-assets.s3.amazonaws.com/main/embedded/25836/glass_water.jpg?crop=1xw:0.5xh;center,top&resize=1200:*",
   "water19":"https://imagesvc.meredithcorp.io/v3/mm/image?q=85&c=sc&poi=face&w=1244&h=622&url=https%3A%2F%2Fstatic.onecms.io%2Fwp-content%2Fuploads%2Fsites%2F44%2F2020%2F06%2F08%2Fmineral-water.jpg",
   "water20":"https://hips.hearstapps.com/hmg-prod.s3.amazonaws.com/images/mineral-waer-health-benefits-1593102789.jpg",
   "water21":"https://www.thespruceeats.com/thmb/73340cPLa2UW5ugSXFb5ZefYhok=/1885x1414/smart/filters:no_upscale()/GettyImages-488636063-5ab2dbd8a8ff48049cfd36e8ad841ae5.jpg",
   "water22":"https://static.scientificamerican.com/sciam/cache/file/A98EDBC6-74FD-440A-A9FF244754AC75F2_source.jpg",
   "water23":"https://encrypted-tbn0.gstatic.com/images?q=tbn:ANd9GcS3WAPXnrvQXiD03NB9v9IRPiLuuwRc5hWqT_OEoadbDAUVbpwWMKaawuKYgouLwJ4T5uQ&usqp=CAU",
   "water24":"https://encrypted-tbn0.gstatic.com/images?q=tbn:ANd9GcS7Xxo2Cc2tjxtdJOxvEiBBu_R_-jzYRk4hOw&usqp=CAU",
   "water25":"https://www.prominent.ca/media/Applications/app-water-treatment-and-disinfection_Header_1.jpg",
   "water26":"https://post.healthline.com/wp-content/uploads/2020/06/glass-drinking-water-732x549-thumbnail-1.jpg",
   "water27":"https://encrypted-tbn0.gstatic.com/images?q=tbn:ANd9GcRh8rZMWo_2MEJaB-25RJcDqYAsjCHxUOml-WFX8pY0UzJ096Z71c7vjS4qB9XSSdK2fgI&usqp=CAU",
   "water28":"https://encrypted-tbn0.gstatic.com/images?q=tbn:ANd9GcTlqPhiglfoUa2GavR37hX3_zWyT_igVkORyw&usqp=CAU",
   "water29":"https://imgk.timesnownews.com/story/water-pixabay.jpg?tr=w-1200,h-900",
   "water30":"https://upload.wikimedia.org/wikipedia/commons/thumb/a/a1/Glass-half-full.jpeg/1200px-Glass-half-full.jpeg"
  }
 ],
 "programming":[
{
 "programming1":"https://www.goodcore.co.uk/blog/wp-content/uploads/2019/08/coding-vs-programming-2.jpg",
 "programming2":"https://www.techrepublic.com/a/hub/i/r/2021/02/17/3c192f18-47eb-428a-b64f-ba57fcd3c36a/resize/1200x/03e226ca44cdd6509c01aaaa6ffa0095/programming-coding.jpg",
 "programming3":"https://www.herzing.edu/sites/default/files/styles/fp_960_640/public/2020-09/it_computer_programming.jpg.webp?itok=8aEwtSxk",
 "programming4":"https://thumbs.dreamstime.com/b/modern-computer-programming-code-screen-showing-random-scripts-113805394.jpg",
 "programming5":"https://www.clio.com/wp-content/uploads/2020/08/Clio_2020-Blog_Image-Programming_for_Lawyers.png",
 "programming6":"https://encrypted-tbn0.gstatic.com/images?q=tbn:ANd9GcRE4Vel-qYPUIXHxmP3HLYkqhr7HzCYPIetcgoUkV92p1eslOLi_1BAnX3QImciTYQji9A&usqp=CAU",
 "programming7":"https://previews.123rf.com/images/puhhha/puhhha1802/puhhha180200812/96381583-programming-man-working-on-computer-in-it-office-sitting-at-desk-writing-codes-programmer-typing-dat.jpg",
 "programming8":"https://encrypted-tbn0.gstatic.com/images?q=tbn:ANd9GcRIUiy9Xpk28t1Ic4UkQrrtDXvbpewePN153Q&usqp=CAU",
 "programming9":"https://static.javatpoint.com/computer/images/what-is-computer-programming.png",
 "programming10":"https://content.techgig.com/thumb/msid-80031808,width-860,resizemode-4/5-Programming-languages-to-kickstart-your-tech-career-in-2021.jpg?150543",
 "programming11":"https://miro.medium.com/max/1838/1*HLGtY6O2vUHqIyEbWdmBgA.jpeg",
 "programming12":"https://www.stackscale.com/wp-content/uploads/2020/09/top-10-programming-languages-2020-Stackscale.jpg",
 "programming13":"https://miro.medium.com/max/4800/0*MGwhgis8-7h-M0M0",
 "programming14":"https://durhamcollege.ca/wp-content/uploads/Computer-Programmer.jpg",
 "programming15":"http://gogotraining.com/blog/wp-content/uploads/2016/10/Online-Programming-Classes.jpg",
 "programming16":"https://media.istockphoto.com/photos/programmer-working-with-program-code-picture-id1075599562?k=20&m=1075599562&s=612x612&w=0&h=cDFY2kKyhFzSNNlDQsaxoekIW0v7iyaMBkxp11Fz33U=",
 "programming17":"https://encrypted-tbn0.gstatic.com/images?q=tbn:ANd9GcRwgWVgzEpNo6FVTWvlowZngttxRheolOynDQ&usqp=CAU",
 "programming18":"https://akm-img-a-in.tosshub.com/indiatoday/images/story/202103/programmer-1653351_640_0_1200x768.png?TGihy0NPG7T.rn_LzLgi1jXGKj0nKlUY&size=770:433",
 "programming19":"https://encrypted-tbn0.gstatic.com/images?q=tbn:ANd9GcRdSSsyOcTlBDDrOYuJj6s2A1C9RSJkiYWg11abMDgO27OAZe_HjAnRmeXcc--v_waWU3Y&usqp=CAU",
 "programming20":"https://miro.medium.com/max/1000/1*unmVsOH7qujPeBwFN5Y2Zw.png",
 "programming21":"https://files.realpython.com/media/TUT19---Functional-Programming_Watermarked.3bb16c6198a2.jpg",
 "programming22":"http://www.alltechflix.com/wp-content/uploads/2019/11/computer-programmer.jpg",
 "programming23":"https://potomac.edu/wp-content/uploads/2020/05/problem-solving-skills-e1590502433369.jpg",
 "programming24":"https://images.unsplash.com/photo-1605379399642-870262d3d051?ixid=MnwxMjA3fDB8MHxzZWFyY2h8MXx8cHJvZ3JhbW1pbmd8ZW58MHx8MHx8&ixlib=rb-1.2.1&w=1000&q=80",
 "programming25":"https://encrypted-tbn0.gstatic.com/images?q=tbn:ANd9GcQ9TAkKbxMKeF3h_FmdNHfXDGUwJwQoMN_kHj523dAjuD9MzpHiGG_3smcfjQMSpulfKTc&usqp=CAU",
 "programming26":"https://devskiller.com/wp-content/uploads/2020/07/History-of-programming-languages.jpg",
 "programming27":"https://q3c2r8n4.stackpathcdn.com/wp-content/uploads/2021/07/Laptop-laptop-sharing.jpg",
 "programming28":"https://cdn.pixabay.com/photo/2016/04/04/14/12/monitor-1307227__480.jpg",
 "programming29":"https://encrypted-tbn0.gstatic.com/images?q=tbn:ANd9GcRw0wxPs-p89w7mpibQ4P1MTga200SaGroNLz7aOnpyBDUZSC-ewjBYVd-f1OzYjOr18LE&usqp=CAU",
 "programming30":"https://encrypted-tbn0.gstatic.com/images?q=tbn:ANd9GcTaNgswvbNiayCnjkwrw5eM5v1HQGXZuTaxG-6__ho46JD7Ees9g1iXDl7r_x9IlLlqP4o&usqp=CAU"
}
 ],
 "coding":[
  {
   "coding1":"https://www.goodcore.co.uk/blog/wp-content/uploads/2019/08/coding-vs-programming-2.jpg",
   "coding2":"https://www.techrepublic.com/a/hub/i/r/2021/02/17/3c192f18-47eb-428a-b64f-ba57fcd3c36a/resize/1200x/03e226ca44cdd6509c01aaaa6ffa0095/programming-coding.jpg",
   "coding3":"https://www.herzing.edu/sites/default/files/styles/fp_960_640/public/2020-09/it_computer_programming.jpg.webp?itok=8aEwtSxk",
   "coding4":"https://thumbs.dreamstime.com/b/modern-computer-programming-code-screen-showing-random-scripts-113805394.jpg",
   "coding5":"https://www.clio.com/wp-content/uploads/2020/08/Clio_2020-Blog_Image-Programming_for_Lawyers.png",
   "coding6":"https://encrypted-tbn0.gstatic.com/images?q=tbn:ANd9GcRE4Vel-qYPUIXHxmP3HLYkqhr7HzCYPIetcgoUkV92p1eslOLi_1BAnX3QImciTYQji9A&usqp=CAU",
   "coding7":"https://previews.123rf.com/images/puhhha/puhhha1802/puhhha180200812/96381583-programming-man-working-on-computer-in-it-office-sitting-at-desk-writing-codes-programmer-typing-dat.jpg",
   "coding8":"https://encrypted-tbn0.gstatic.com/images?q=tbn:ANd9GcRIUiy9Xpk28t1Ic4UkQrrtDXvbpewePN153Q&usqp=CAU",
   "coding9":"https://static.javatpoint.com/computer/images/what-is-computer-programming.png",
   "coding10":"https://content.techgig.com/thumb/msid-80031808,width-860,resizemode-4/5-Programming-languages-to-kickstart-your-tech-career-in-2021.jpg?150543",
   "coding11":"https://miro.medium.com/max/1838/1*HLGtY6O2vUHqIyEbWdmBgA.jpeg",
   "coding12":"https://www.stackscale.com/wp-content/uploads/2020/09/top-10-programming-languages-2020-Stackscale.jpg",
   "coding13":"https://miro.medium.com/max/4800/0*MGwhgis8-7h-M0M0",
   "coding14":"https://durhamcollege.ca/wp-content/uploads/Computer-Programmer.jpg",
   "coding15":"http://gogotraining.com/blog/wp-content/uploads/2016/10/Online-Programming-Classes.jpg",
   "coding16":"https://media.istockphoto.com/photos/programmer-working-with-program-code-picture-id1075599562?k=20&m=1075599562&s=612x612&w=0&h=cDFY2kKyhFzSNNlDQsaxoekIW0v7iyaMBkxp11Fz33U=",
   "coding17":"https://encrypted-tbn0.gstatic.com/images?q=tbn:ANd9GcRwgWVgzEpNo6FVTWvlowZngttxRheolOynDQ&usqp=CAU",
   "coding18":"https://akm-img-a-in.tosshub.com/indiatoday/images/story/202103/programmer-1653351_640_0_1200x768.png?TGihy0NPG7T.rn_LzLgi1jXGKj0nKlUY&size=770:433",
   "coding19":"https://encrypted-tbn0.gstatic.com/images?q=tbn:ANd9GcRdSSsyOcTlBDDrOYuJj6s2A1C9RSJkiYWg11abMDgO27OAZe_HjAnRmeXcc--v_waWU3Y&usqp=CAU",
   "coding20":"https://miro.medium.com/max/1000/1*unmVsOH7qujPeBwFN5Y2Zw.png",
   "coding21":"https://files.realpython.com/media/TUT19---Functional-Programming_Watermarked.3bb16c6198a2.jpg",
   "coding22":"http://www.alltechflix.com/wp-content/uploads/2019/11/computer-programmer.jpg",
   "coding23":"https://potomac.edu/wp-content/uploads/2020/05/problem-solving-skills-e1590502433369.jpg",
   "coding24":"https://images.unsplash.com/photo-1605379399642-870262d3d051?ixid=MnwxMjA3fDB8MHxzZWFyY2h8MXx8cHJvZ3JhbW1pbmd8ZW58MHx8MHx8&ixlib=rb-1.2.1&w=1000&q=80",
   "coding25":"https://encrypted-tbn0.gstatic.com/images?q=tbn:ANd9GcQ9TAkKbxMKeF3h_FmdNHfXDGUwJwQoMN_kHj523dAjuD9MzpHiGG_3smcfjQMSpulfKTc&usqp=CAU",
   "coding26":"https://devskiller.com/wp-content/uploads/2020/07/History-of-programming-languages.jpg",
   "coding27":"https://q3c2r8n4.stackpathcdn.com/wp-content/uploads/2021/07/Laptop-laptop-sharing.jpg",
   "coding28":"https://cdn.pixabay.com/photo/2016/04/04/14/12/monitor-1307227__480.jpg",
   "coding29":"https://encrypted-tbn0.gstatic.com/images?q=tbn:ANd9GcRw0wxPs-p89w7mpibQ4P1MTga200SaGroNLz7aOnpyBDUZSC-ewjBYVd-f1OzYjOr18LE&usqp=CAU",
   "coding30":"https://encrypted-tbn0.gstatic.com/images?q=tbn:ANd9GcTaNgswvbNiayCnjkwrw5eM5v1HQGXZuTaxG-6__ho46JD7Ees9g1iXDl7r_x9IlLlqP4o&usqp=CAU"
  }
   ]
}